url,label
https://www.irctc.co.in/search?q=m4w3zk&ref=wdee,0
https://whatsapp-support.co/account/verify,1
http://sbi-verify-k828.info/verify,1
https://www.sbi.co.in/articles/p6swk2rv/239moft6yr,0
https://app.hdfcbank.com/settings,0
https://salesforce.com/,0
https://hdfcbank.com/,0
https://icicibank.com/login,0
http://microsoft-password-reset-qyiy.top/password-reset,1
https://app.gov.in/about,0
http://netflix-update-z1xe.info/update,1
https://www.cricbuzz.com/help/faq,0
https://accounts-google.co/signin,1
https://app.amazon.com/help/faq,0
http://google-banking-nq0y.ml/banking,1
https://www.icicibank.com/articles/1yv2stn7/e36htf4pyz,0
http://microsoft-support-nlc8.tk/support,1
https://www.netflix.com/help/faq,0
http://hdfc0rm.ga/password-reset/password-reset-hrcnb.html,1
https://yahoo.com/home,0
http://instagram.cf/banking,1
https://www.nytimes.com/,0
https://icicibank.com/login,0
http://secure.verify.hdfc.com.lqwlvu.cf/verify,1
https://www.spotify.com/contact-us,0
http://iciciyur.info/banking/banking-4sor8.html,1
https://amazon.ywl97.co/login,1
https://app.salesforce.com/login,0
http://94.228.150.64/netflix/confirm.php,1
https://accounts-amazon.net/signin,1
https://www.salesforce.com/articles/1kkc1xi0/4b7p47b42g,0
http://secure.verify.gmail.com.qo4z53.club/verify,1
https://www.cricbuzz.com/articles/zvgww4fy/b8dalfyo17,0
https://icici.c8gzk.com/login,1
https://www.reddit.com/docs/api,0
http://gmailz2p.info/suspended/suspended-6eeam.html,1
http://bit.ly/xrw6tm2,1
http://goo.gl/r5pgba9,1
https://www.google.com/products,0
http://microsoft-suspended-kon8.top/suspended,1
https://www.dropbox.com/docs/api,0
http://secure.support.icici.com.erp3ly.ga/support,1
https://irctc-support.co/account/verify,1
http://netflixpb9.tk/urgent/urgent-0spo3.html,1
http://whatsapp.cf/urgent,1
http://136.5.109.148/irctc/login.php,1
https://www.dropbox.com/account/settings/security/login-history,0
http://whatsapp.gq/confirm,1
https://app.linkedin.com/about,0
https://www.cricbuzz.com/user/profile,0
http://hdfcxnx.top/secure/secure-4sn6s.html,1
http://instagram.cf/verify,1
https://www.yahoo.com/articles/4ufzdy3o/1icns8y7ui,0
https://www.hdfc1s.net/secure/update,1
https://www.reddit.com/help/faq,0
https://www.nytimes.com/account/settings/security/login-history,0
https://www.sbi.co.in/account/settings/security/login-history,0
https://www.spotify.com/blog/2024/article,0
https://accounts-facebook.co/signin,1
https://www.icicijy.co/secure/update,1
http://128.197.142.40/sbi/password-reset.php,1
http://irctc-suspended-layn.club/suspended,1
http://31.236.21.174/whatsapp/verify.php,1
https://www.github.com/docs/api,0
https://cricbuzz.com/docs/api,0
https://www.bbc.com/help-center/reset-password-instructions,0
https://www.salesforce.com/contact-us,0
https://www.microsoftpq.com/secure/update,1
https://app.yahoo.com/help/faq,0
http://secure.urgent.irctc.com.8oga0x.info/urgent,1
https://www.gov.in/articles/ywr7mkgx/ukq00u686x,0
https://www.nic.in/products,0
https://amazon-support.co/account/verify,1
https://www.amazon.com/articles/k9qm3p91/i3vmzwffhh,0
https://www.microsoft.com/articles/uu8dd225/55jxurgowy,0
https://www.nytimes.com/settings,0
https://apple.edd07.net/login,1
https://www.flipkart.com/home,0
https://app.reddit.com/search?q=example,0
https://www.linkedin.com/help-center/reset-password-instructions,0
https://www.applen7.net/secure/update,1
https://www.microsoft.com/home,0
http://secure.login.whatsapp.com.6parsg.cf/login,1
http://amazon-billing-tgsi.cf/billing,1
https://app.gov.in/search?q=example,0
https://instagram-support.co/account/verify,1
http://hdfc-login-oekn.info/login,1
https://facebook-support.co/account/verify,1
https://outlook.a1jqn.net/login,1
https://www.microsoft.com/account/settings/security/login-history,0
http://instagram.ga/secure,1
http://tinyurl.com/j88qeoz,1
https://irctc.co.in/contact-us,0
http://hdfc6tt.cf/signin/signin-9q1ni.html,1
https://www.linkedin.com/contact-us,0
http://sbi.club/secure,1
https://www.adobe.com/products,0
http://gmaily8u.gq/support/support-118qq.html,1
http://52.203.179.159/paypal/confirm.php,1
http://221.230.158.67/apple/secure.php,1
https://www.wikipedia.org/account/settings/security/login-history,0
https://netflix.com/,0
https://www.amazongc.com/secure/update,1
https://google-support.com/account/verify,1
https://www.apple.com,0
http://bit.ly/w4jkfyi,1
https://www.apple.com/articles/rflqbmae/38sryo4rcb,0
https://www.yahoo.com/search?q=mcqbnk&ref=x9dv,0
https://icicibank.com/user/profile,0
http://sbi2c5.cf/urgent/urgent-0b8y5.html,1
http://goo.gl/1f537ye,1
http://sbi-billing-09wf.top/billing,1
https://www.amazon.com/search?q=4xyf9i&ref=gfu8,0
https://wikipedia.org/search?q=example,0
https://www.reddit.com/search?q=o4busu&ref=9f8q,0
https://www.dropbox.com/,0
http://bit.ly/u4xszjn,1
http://tinyurl.com/60qraqi,1
http://189.166.100.213/netflix/billing.php,1
https://www.sbi.co.in/help-center/reset-password-instructions,0
https://accounts-hdfc.net/signin,1
http://microsoftmoe.ga/update/update-0sy5y.html,1
https://www.cricbuzz.com/user/profile,0
https://www.icicibank.com/help-center/reset-password-instructions,0
http://sbi1xj.club/update/update-g2y8r.html,1
https://www.cricbuzz.com/help-center/reset-password-instructions,0
http://126.122.36.42/gmail/signin.php,1
https://www.dropbox.com/blog/2024/article,0
https://apple.b86kt.net/login,1
https://www.icicibank.com/docs/api,0
https://netflix.8uact.net/login,1
http://netflix.ml/password-reset,1
https://www.linkedin.com/products,0
https://www.irctc.co.in/help-center/reset-password-instructions,0
https://www.sbi.co.in/login,0
https://www.apple.com/login,0
https://www.microsoft.com/search?q=dtnqfl&ref=l7v5,0
http://211.184.191.185/instagram/secure.php,1
https://www.adobe.com/,0
https://www.microsoft.com/blog/2024/article,0
https://www.sbi.co.in/account/settings/security/login-history,0
https://www.sbi.co.in/home,0
http://198.119.38.122/amazon/confirm.php,1
https://cricbuzz.com/help/faq,0
https://www.cricbuzz.com/account/settings/security/login-history,0
https://instagram-support.co/account/verify,1
https://www.amazon.com/help/faq,0
https://www.linkedin.com/articles/kk791zyr/ru7zkut6om,0
http://facebook.tk/support,1
http://applejpy.ml/update/update-ueong.html,1
https://outlook.rqnsv.com/login,1
http://whatsapppj1.ml/billing/billing-6dvtj.html,1
https://www.paypalqy.co/secure/update,1
https://www.linkedin.com/articles/1kerpeti/uymo0pqclp,0
http://secure.suspended.netflix.com.sc31tz.cf/suspended,1
http://secure.update.microsoft.com.jw6qdb.top/update,1
http://107.221.117.229/icici/support.php,1
http://appleiac.cf/urgent/urgent-2e4qx.html,1
http://52.134.221.233/amazon/login.php,1
http://apple-suspended-x70f.top/suspended,1
https://www.sbi.co.in,0
https://www.nic.in/articles/ifhv1xg1/r11q7uww5w,0
http://icici-urgent-4x7y.tk/urgent,1
https://google.k2zyz.net/login,1
http://google.cf/confirm,1
https://netflix.com/login,0
https://app.gov.in/products,0
https://app.bbc.com/user/profile,0
https://sbi-support.net/account/verify,1
https://hdfcbank.com/help/faq,0
https://www.reddit.com/products,0
http://irctc.club/urgent,1
https://www.github.com/articles/ehou6qlz/2rwgwaj1g1,0
https://www.wikipedia.org/account/settings/security/login-history,0
http://gmail-password-reset-9ipa.cf/password-reset,1
https://app.sbi.co.in/dashboard,0
https://app.yahoo.com/home,0
http://secure.suspended.instagram.com.8ammzo.club/suspended,1
https://accounts-icici.net/signin,1
https://microsoft.oefuk.com/login,1
http://secure.banking.gmail.com.9tjq8z.club/banking,1
https://www.gov.in/docs/api,0
https://accounts-instagram.net/signin,1
http://amazon.ml/billing,1
http://tinyurl.com/s0cdk36,1
https://www.github.com/search?q=skf7i8&ref=skch,0
https://www.netflix.com/settings,0
https://www.sbiwy.net/secure/update,1
https://www.bbc.com/search?q=8t2sa5&ref=bnn0,0
https://www.linkedin.com/blog/2024/article,0
https://accounts-netflix.co/signin,1
https://www.amazon.com/about,0
https://nic.in/home,0
https://accounts-facebook.net/signin,1
https://netflix.82ema.com/login,1
https://www.gov.in/help-center/reset-password-instructions,0
https://www.microsoft.com/help-center/reset-password-instructions,0
http://paypal.ga/banking,1
https://www.nic.in/products,0
http://secure.confirm.google.com.vh7ujo.cf/confirm,1
https://netflix-support.co/account/verify,1
http://icicilbb.gq/account/account-4m0a6.html,1
https://www.adobe.com/blog/2024/article,0
http://netflix.info/suspended,1
https://www.irctc.co.in/account/settings/security/login-history,0
https://app.adobe.com/search?q=example,0
https://www.yahoo.com/login,0
https://www.github.com/articles/h55rbc76/ub7l8v1zoc,0
https://app.nic.in/contact-us,0
https://app.irctc.co.in/about,0
https://facebook.8cnrl.com/login,1
https://www.yahoo.com/products,0
https://gmail.eh81a.com/login,1
https://gmail.f2xhd.net/login,1
http://instagram.xyz/password-reset,1
http://126.173.27.102/paypal/password-reset.php,1
https://www.flipkart.com/products,0
https://www.apple.com/about,0
https://cricbuzz.com/blog/2024/article,0
https://www.spotify.com/contact-us,0
https://www.adobe.com/search?q=q5v7c6&ref=s5nk,0
https://www.apple.com/search?q=lh62c9&ref=t199,0
https://www.amazonxg.com/secure/update,1
https://www.amazon.com/help-center/reset-password-instructions,0
https://www.hdfcbank.com/account/settings/security/login-history,0
http://secure.password-reset.instagram.com.5x7pwo.ga/password-reset,1
http://75.100.158.148/instagram/suspended.php,1
http://microsoft.club/account,1
https://wikipedia.org/about,0
http://icicisq3.tk/billing/billing-b9so0.html,1
https://www.netflix8h.co/secure/update,1
http://cutt.ly/1yohmi9,1
https://app.irctc.co.in/products,0
https://www.nytimes.com/account/settings/security/login-history,0
https://www.irctccn.co/secure/update,1
http://irctc-billing-ueax.tk/billing,1
http://amazon-login-1bd2.club/login,1
http://tinyurl.com/5o2nqw4,1
http://149.93.239.10/instagram/billing.php,1
http://google.club/secure,1
https://www.github.com/account/settings/security/login-history,0
https://microsoft-support.net/account/verify,1
https://www.apple.com/help-center/reset-password-instructions,0
https://accounts-google.com/signin,1
http://whatsapp-urgent-6uxq.gq/urgent,1
https://www.salesforce.com/articles/ujoqw5ds/k7n8la100q,0
https://www.google.com/help-center/reset-password-instructions,0
https://www.yahoo.com/dashboard,0
https://outlook.29hha.net/login,1
https://amazon.com/search?q=example,0
https://www.bbc.com/products,0
https://app.gov.in/home,0
https://www.salesforce.com/search?q=epppra&ref=t086,0
https://www.reddit.com,0
https://www.wikipedia.org/docs/api,0
https://irctc.co.in/user/profile,0
https://flipkart.com,0
http://4.88.178.206/gmail/confirm.php,1
https://gmail-support.net/account/verify,1
https://www.flipkart.com/,0
http://214.87.237.173/apple/account.php,1
https://icici-support.co/account/verify,1
https://app.github.com/,0
http://hdfc.ml/update,1
https://www.github.com/articles/0atvzkhi/uit7m1r00q,0
https://www.netflix.com/help-center/reset-password-instructions,0
http://77.24.147.103/microsoft/support.php,1
https://app.nic.in/search?q=example,0
https://nic.in/home,0
http://paypal.top/suspended,1
http://171.134.118.241/whatsapp/password-reset.php,1
https://app.cricbuzz.com/search?q=example,0
http://icicidqc.info/password-reset/password-reset-2k9yk.html,1
https://www.amazon.com/articles/tirc9zd7/6szn9dde3c,0
https://www.reddit.com/search?q=o8g8qy&ref=npdp,0
https://www.hdfcbank.com/home,0
http://icicikw1.ga/account/account-xsrqk.html,1
http://222.201.193.79/hdfc/verify.php,1
http://irctc-confirm-w253.cf/confirm,1
https://app.paypal.com/settings,0
http://17.203.139.165/instagram/signin.php,1
https://www.cricbuzz.com,0
http://secure.update.facebook.com.1c795r.cf/update,1
https://dropbox.com/about,0
https://app.github.com/,0
https://www.netflix.com/account/settings/security/login-history,0
https://spotify.com/dashboard,0
https://www.netflix.com/articles/k3c9xbon/rwzc4xl996,0
https://outlook-support.co/account/verify,1
https://www.amazon.com/help-center/reset-password-instructions,0
https://gmail.o47en.net/login,1
http://179.48.65.76/outlook/verify.php,1
http://sbi.info/confirm,1
http://goo.gl/f060o4v,1
http://appleg2m.info/urgent/urgent-yr06n.html,1
http://instagram-banking-ta5i.club/banking,1
https://www.amazon.com/help-center/reset-password-instructions,0
https://www.bbc.com/settings,0
https://www.nytimes.com/articles/kfxhkc85/6wpr97y2lo,0
http://irctc.ml/support,1
http://sbigk0.xyz/support/support-eeyyl.html,1
http://facebook-billing-tk1z.xyz/billing,1
http://netflixre6.tk/secure/secure-zvlhy.html,1
http://bit.ly/l48c1cq,1
https://nic.in/search?q=example,0
http://icici7w8.ml/login/login-p74mj.html,1
https://google.bypjd.co/login,1
https://www.flipkart.com,0
https://www.microsoft.com/dashboard,0
https://github.com/help/faq,0
https://www.irctc.co.in/articles/fc4kl8cg/n0t6dvwrb7,0
https://app.github.com/blog/2024/article,0
https://www.yahoo.com/about,0
https://app.flipkart.com/,0
https://google-support.com/account/verify,1
https://accounts-sbi.net/signin,1
http://105.196.249.4/apple/login.php,1
https://sbi.co.in/about,0
http://icici.gq/suspended,1
https://www.outlookom.net/secure/update,1
https://www.dropbox.com/search?q=example,0
https://app.adobe.com/,0
https://accounts-netflix.co/signin,1
https://instagram-support.co/account/verify,1
https://www.amazon13.net/secure/update,1
http://bit.ly/eoz906g,1
https://www.irctc.co.in/products,0
https://www.paypal.com/help-center/reset-password-instructions,0
http://7.120.161.204/paypal/verify.php,1
https://www.spotify.com/,0
https://icicibank.com/blog/2024/article,0
http://200.103.91.172/amazon/confirm.php,1
https://www.icicibank.com/account/settings/security/login-history,0
https://www.adobe.com/blog/2024/article,0
https://www.irctc.co.in/about,0
http://71.137.82.198/apple/confirm.php,1
https://www.whatsappmq.com/secure/update,1
http://secure.verify.microsoft.com.k4fpl3.cf/verify,1
https://www.microsoft.com/help-center/reset-password-instructions,0
https://microsoft.xi3ta.com/login,1
https://accounts-instagram.com/signin,1
https://www.bbc.com/articles/xb9yo18p/ajssuuqo1v,0
http://paypaljs7.ga/urgent/urgent-5eltf.html,1
https://www.github.com/articles/42hhihxs/58yreg2iv7,0
http://icici82c.ga/banking/banking-06xq9.html,1
http://icici-secure-445c.info/secure,1
https://irctc-support.com/account/verify,1
http://goo.gl/fjawshm,1
https://app.nic.in/contact-us,0
http://irctcy06.xyz/banking/banking-ftlo4.html,1
http://icici-verify-y15p.cf/verify,1
https://www.dropbox.com/help-center/reset-password-instructions,0
http://hdfc9bo.info/billing/billing-s0765.html,1
https://sbi.co.in/home,0
http://netflixavt.tk/verify/verify-8k06m.html,1
https://www.microsoft.com,0
https://www.applena.com/secure/update,1
http://117.162.192.163/hdfc/urgent.php,1
https://www.gov.in/search?q=areiya&ref=z39p,0
https://instagram.u0k5q.net/login,1
https://www.dropbox.com/articles/119xp9n5/6nyxtxmgtt,0
https://www.dropbox.com/search?q=onncil&ref=dzmf,0
http://bit.ly/9vs9kkh,1
https://www.cricbuzz.com/help/faq,0
https://www.nic.in/articles/419qzpni/qfg51bxw76,0
http://hdfc.club/secure,1
http://icicivg6.ga/signin/signin-v5t1d.html,1
https://www.salesforce.com/about,0
https://www.wikipedia.org/search?q=foqmf5&ref=l9mo,0
http://goo.gl/rxttqu6,1
http://microsoftbpg.ml/account/account-yvyv2.html,1
https://www.dropbox.com/dashboard,0
http://219.44.13.103/microsoft/billing.php,1
https://www.cricbuzz.com/help-center/reset-password-instructions,0
https://accounts-facebook.net/signin,1
https://www.spotify.com/login,0
http://google.tk/suspended,1
https://apple.bo06f.net/login,1
https://www.dropbox.com/articles/lozjcns6/g298cqk4lt,0
https://www.google.com/login,0
http://netflix1vm.cf/account/account-efozt.html,1
http://hdfc.club/signin,1
http://irctc.xyz/billing,1
https://www.flipkart.com/search?q=example,0
https://www.github.com/help-center/reset-password-instructions,0
https://www.cricbuzz.com/account/settings/security/login-history,0
http://outlook.info/support,1
http://13.77.147.103/microsoft/confirm.php,1
https://www.irctc.co.in,0
https://accounts-netflix.net/signin,1
https://www.netflix.com/articles/cvqy5ibp/t11f9i6uu1,0
https://app.hdfcbank.com/docs/api,0
https://www.amazon.com/help-center/reset-password-instructions,0
https://www.bbc.com/about,0
http://bit.ly/6zdcujq,1
https://app.reddit.com/blog/2024/article,0
http://122.254.223.135/apple/confirm.php,1
https://instagram.z6cp7.co/login,1
https://www.netflix.com/login,0
http://facebook-banking-4pbg.xyz/banking,1
https://yahoo.com/,0
https://accounts-google.net/signin,1
https://app.flipkart.com/about,0
https://www.outlook4t.net/secure/update,1
https://accounts-irctc.co/signin,1
https://www.salesforce.com/docs/api,0
http://icici-billing-5uh8.info/billing,1
https://facebook.qc3xn.com/login,1
http://t.co/422ta83,1
https://www.flipkart.com/help/faq,0
http://secure.confirm.outlook.com.yjcmrs.info/confirm,1
http://cutt.ly/mqx5ggo,1
https://microsoft-support.co/account/verify,1
https://google.com/search?q=example,0
https://www.bbc.com/,0
https://www.flipkart.com/login,0
http://178.232.171.204/gmail/billing.php,1
https://www.spotify.com/login,0
https://www.github.com/articles/czo2sug5/hcbbmhnqo7,0
http://gmailjcs.xyz/confirm/confirm-exggo.html,1
http://90.8.24.38/netflix/password-reset.php,1
https://google.yz9vl.com/login,1
https://paypal.oprmo.co/login,1
https://gmail.8wxgc.net/login,1
http://secure.signin.hdfc.com.md4por.tk/signin,1
https://www.icicibank.com/help/faq,0
https://apple-support.net/account/verify,1
https://app.cricbuzz.com/contact-us,0
https://www.nic.in/search?q=llj8yr&ref=ddp0,0
https://www.netflix.com/home,0
https://www.amazon2o.net/secure/update,1
https://www.netflix.com/help-center/reset-password-instructions,0
https://www.googleau.com/secure/update,1
https://www.adobe.com/home,0
http://amazon-password-reset-m0wb.xyz/password-reset,1
http://bit.ly/e2wnf5c,1
https://www.reddit.com/help-center/reset-password-instructions,0
http://sbi-billing-emtx.cf/billing,1
http://secure.secure.google.com.pp1noq.club/secure,1
https://www.salesforce.com,0
http://gmail.club/verify,1
http://gmail.ga/suspended,1
https://www.linkedin.com/articles/rsrla8s8/hmbr5xqt4p,0
http://secure.verify.whatsapp.com.fdw79w.cf/verify,1
https://accounts-outlook.co/signin,1
https://app.wikipedia.org/about,0
http://secure.update.facebook.com.b2rtso.ga/update,1
http://gmail.gq/support,1
https://www.wikipedia.org/help/faq,0
https://accounts-instagram.net/signin,1
https://outlook-support.com/account/verify,1
https://www.nic.in/help-center/reset-password-instructions,0
https://amazon.vob5a.co/login,1
https://www.microsoft.com/help/faq,0
https://irctc.y8jwv.co/login,1
http://netflix3z2.cf/urgent/urgent-t4h20.html,1
https://www.nic.in/account/settings/security/login-history,0
https://www.linkedin.com/account/settings/security/login-history,0
https://whatsapp-support.com/account/verify,1
https://instagram.hnxi0.net/login,1
http://facebook6ux.ga/login/login-f5gzp.html,1
https://sbi.co.in/products,0
http://instagramiif.top/signin/signin-rchyp.html,1
http://paypal2qs.info/account/account-q0p82.html,1
http://secure.urgent.sbi.com.oyc3rw.tk/urgent,1
https://www.microsoft.com/products,0
https://www.nic.in/login,0
http://outlookwl3.club/urgent/urgent-zyt91.html,1
https://app.bbc.com/blog/2024/article,0
http://apple-suspended-22wy.top/suspended,1
http://t.co/93n0aju,1
http://59.47.10.121/netflix/login.php,1
http://secure.banking.gmail.com.p1v3zo.cf/banking,1
http://google.info/login,1
https://google-support.net/account/verify,1
http://whatsapp2pg.xyz/password-reset/password-reset-yme6r.html,1
https://www.paypal.com/contact-us,0
https://app.cricbuzz.com/docs/api,0
https://gov.in/about,0
https://outlook.h3rem.net/login,1
http://whatsapp.tk/urgent,1
https://www.hdfcbank.com/contact-us,0
https://www.apple.com/search?q=8qzpky&ref=32or,0
https://www.cricbuzz.com/articles/f63ai9ha/sez2nx1wvb,0
https://netflix.1j7v2.com/login,1
http://tinyurl.com/b9iqiux,1
http://secure.secure.amazon.com.xj4pnj.top/secure,1
http://t.co/rf5a7qy,1
https://www.amazon.com/settings,0
https://www.apple.com/help-center/reset-password-instructions,0
http://gmailns2.info/update/update-zybno.html,1
https://app.spotify.com/help/faq,0
https://icicibank.com/contact-us,0
http://whatsapp-password-reset-lbc8.gq/password-reset,1
http://paypal.top/banking,1
https://www.reddit.com/account/settings/security/login-history,0
http://t.co/7jp61lf,1
http://229.253.157.14/gmail/suspended.php,1
https://apple.a3o1q.com/login,1
http://irctcz1u.xyz/password-reset/password-reset-u7zy6.html,1
https://app.yahoo.com,0
https://app.gov.in/dashboard,0
https://www.sbi.co.in/products,0
http://cutt.ly/79kvls9,1
https://nic.in/blog/2024/article,0
https://app.adobe.com/docs/api,0
https://www.wikipedia.org/articles/n0dl5e11/e9ftaxp0wf,0
http://outlook-login-dpdx.info/login,1
https://www.gov.in/account/settings/security/login-history,0
https://www.icicibank.com/blog/2024/article,0
http://instagram-urgent-4c3e.ga/urgent,1
https://www.irctcs0.net/secure/update,1
http://apple24k.top/secure/secure-wk585.html,1
https://yahoo.com/blog/2024/article,0
http://microsoft.tk/suspended,1
https://www.linkedin.com/search?q=jyv5g1&ref=0ur5,0
https://app.nytimes.com/home,0
https://www.spotify.com/contact-us,0
https://www.icicibank.com/contact-us,0
http://secure.support.netflix.com.a0774r.info/support,1
http://whatsapp.club/secure,1
https://app.gov.in/settings,0
http://gmailv8s.cf/confirm/confirm-uoc1y.html,1
https://reddit.com/,0
https://wikipedia.org/login,0
https://www.whatsappff.co/secure/update,1
https://microsoft.91p77.net/login,1
https://www.hdfcbank.com/articles/kvzrgol0/w82lk2n7h9,0
https://accounts-paypal.com/signin,1
https://www.flipkart.com/articles/urmybd2q/e4pa8hyexf,0
http://224.81.212.217/sbi/account.php,1
https://www.bbc.com/help-center/reset-password-instructions,0
https://app.microsoft.com/settings,0
https://icici.dcokz.com/login,1
https://app.hdfcbank.com/settings,0
https://accounts-sbi.co/signin,1
https://salesforce.com,0
http://tinyurl.com/yf0d0iw,1
https://www.paypal.com/products,0
https://linkedin.com,0
https://www.sbi.co.in/contact-us,0
https://www.spotify.com/help-center/reset-password-instructions,0
http://bit.ly/pi163yk,1
https://apple.slmwa.com/login,1
https://www.amazon.com/about,0
http://t.co/txrgn74,1
http://amazon6h0.ga/confirm/confirm-w064w.html,1
https://apple.dub9r.net/login,1
http://facebooklmt.info/suspended/suspended-2pnjk.html,1
http://netflixabu.top/password-reset/password-reset-fwbuc.html,1
http://secure.support.apple.com.ld05nh.ml/support,1
https://www.wikipedia.org/account/settings/security/login-history,0
https://outlook.fkps0.net/login,1
https://paypal.ijtyo.co/login,1
https://www.spotify.com/login,0
https://apple.w6l01.com/login,1
https://www.gov.in/search?q=sgipps&ref=fnko,0
http://secure.confirm.paypal.com.t7s1gd.gq/confirm,1
https://www.cricbuzz.com/search?q=gl3wxd&ref=rlcm,0
http://237.12.14.166/netflix/password-reset.php,1
http://netflix.ga/banking,1
http://76.146.13.142/sbi/signin.php,1
https://accounts-instagram.com/signin,1
http://secure.secure.amazon.com.4mntfv.gq/secure,1
http://google-password-reset-z2ei.ga/password-reset,1
http://cutt.ly/k8c1gra,1
https://www.apple.com/help-center/reset-password-instructions,0
https://www.adobe.com/,0
https://www.bbc.com/search?q=v25ao2&ref=0u9i,0
https://www.hdfcbank.com/settings,0
http://sbi-support-mqa7.ga/support,1
https://cricbuzz.com/settings,0
https://www.nytimes.com/search?q=qym52x&ref=g8p6,0
https://irctc.ztdl2.com/login,1
https://www.bbc.com/login,0
http://instagram-billing-ytkw.info/billing,1
https://www.apple.com,0
https://yahoo.com,0
http://secure.verify.facebook.com.mmmxix.top/verify,1
http://secure.verify.whatsapp.com.gok01t.tk/verify,1
http://google-login-r9km.ga/login,1
http://cutt.ly/kuqaaj8,1
http://tinyurl.com/pe6wtlr,1
http://paypal.top/secure,1
https://www.hdfcbank.com/products,0
https://accounts-apple.net/signin,1
http://iciciocv.club/banking/banking-itwu3.html,1
http://secure.secure.outlook.com.swrgvz.club/secure,1
https://app.gov.in/products,0
https://accounts-facebook.co/signin,1
https://www.nytimes.com/account/settings/security/login-history,0
http://instagram.ml/urgent,1
https://www.microsofts6.com/secure/update,1
https://www.irctc.co.in/docs/api,0
https://www.microsoft.com/products,0
https://www.bbc.com/account/settings/security/login-history,0
http://netflix-signin-23qv.tk/signin,1
https://app.wikipedia.org/login,0
https://app.microsoft.com/help/faq,0
http://6.48.249.27/paypal/suspended.php,1
https://www.google.com,0
http://amazonezj.club/confirm/confirm-sszwd.html,1
http://hdfc13w.ml/signin/signin-ppbmq.html,1
http://109.177.196.201/netflix/verify.php,1
https://www.hdfc08.com/secure/update,1
https://www.spotify.com/account/settings/security/login-history,0
https://www.amazon.com/articles/xj37c9h4/2m44gv3z6b,0
https://www.nytimes.com/articles/y30ysxpn/ngh8riec4d,0
http://6.76.107.249/sbi/password-reset.php,1
http://secure.secure.icici.com.9pml9l.info/secure,1
https://bbc.com/about,0
https://www.bbc.com/account/settings/security/login-history,0
https://app.apple.com/search?q=example,0
https://app.spotify.com/user/profile,0
http://goo.gl/1ved32l,1
https://yahoo.com,0
http://iciciw2w.ga/banking/banking-5506r.html,1
https://app.flipkart.com,0
https://www.nic.in/search?q=1b3jcz&ref=ucqm,0
https://www.github.com/search?q=keh5sw&ref=2292,0
https://www.dropbox.com/login,0
https://www.paypal.com/search?q=example,0
https://app.wikipedia.org/products,0
https://www.netflix.com/search?q=ags6e1&ref=zhwy,0
https://www.salesforce.com/search?q=wuzkam&ref=ugys,0
http://netflixnhz.gq/banking/banking-x9fq9.html,1
https://app.icicibank.com/about,0
https://www.paypal.com/articles/mado8e7f/lqhrrpzlk3,0
https://app.adobe.com/docs/api,0
https://www.hdfcbank.com/,0
http://149.57.229.238/google/signin.php,1
https://accounts-instagram.net/signin,1
https://outlook-support.co/account/verify,1
https://www.microsoft.com/help-center/reset-password-instructions,0
https://www.nytimes.com/,0
http://t.co/paytxw1,1
https://paypal.com/,0
https://cricbuzz.com/user/profile,0
https://www.yahoo.com/articles/3l0xzamk/ygvwoplod9,0
http://30.11.255.82/netflix/update.php,1
https://www.adobe.com/blog/2024/article,0
https://www.icicibank.com/login,0
https://microsoft-support.net/account/verify,1
https://www.nytimes.com/help-center/reset-password-instructions,0
https://app.sbi.co.in/settings,0
https://www.hdfcbank.com/help-center/reset-password-instructions,0
https://accounts-instagram.co/signin,1
http://secure.urgent.hdfc.com.y8y2de.xyz/urgent,1
http://irctc.xyz/billing,1
https://whatsapp.j6oww.com/login,1
http://36.115.41.46/whatsapp/suspended.php,1
https://www.google.com/,0
https://sbi-support.net/account/verify,1
https://accounts-microsoft.co/signin,1
http://secure.suspended.instagram.com.sviwxy.ml/suspended,1
http://irctcqso.ga/confirm/confirm-sx43w.html,1
https://irctc-support.co/account/verify,1
https://accounts-facebook.co/signin,1
https://www.whatsappwn.net/secure/update,1
https://app.linkedin.com/,0
https://www.flipkart.com/help-center/reset-password-instructions,0
https://instagram.4mpyo.co/login,1
https://www.nytimes.com/user/profile,0
http://secure.support.paypal.com.7suudq.gq/support,1
http://goo.gl/6gs8g8t,1
https://www.yahoo.com/home,0
https://apple.com/home,0
https://www.netflixmp.com/secure/update,1
https://www.wikipedia.org/help-center/reset-password-instructions,0
https://www.google.com/home,0
https://facebook-support.co/account/verify,1
http://gmailwsg.ga/support/support-y7vcn.html,1
http://instagram-password-reset-dbpg.tk/password-reset,1
http://microsoftie3.ml/banking/banking-lvo0i.html,1
http://apple.ga/banking,1
https://adobe.com/help/faq,0
http://cutt.ly/he4h3gm,1
http://goo.gl/k2y77z6,1
https://www.apple.com/articles/3ep9p9w4/j66cnoljq5,0
https://www.dropbox.com/login,0
https://www.spotify.com/help/faq,0
https://www.adobe.com/help-center/reset-password-instructions,0
https://www.googleo3.com/secure/update,1
http://secure.update.microsoft.com.ad7x48.tk/update,1
http://93.108.163.234/paypal/confirm.php,1
http://secure.confirm.paypal.com.ov84fc.ml/confirm,1
http://gmail-support-047w.cf/support,1
https://www.flipkart.com/help-center/reset-password-instructions,0
https://app.dropbox.com/blog/2024/article,0
https://accounts-gmail.co/signin,1
https://accounts-whatsapp.co/signin,1
http://bit.ly/nmeoq4y,1
https://www.icicibank.com/user/profile,0
https://www.cricbuzz.com/settings,0
https://www.irctc.co.in/account/settings/security/login-history,0
http://microsoft.gq/login,1
https://linkedin.com/home,0
https://accounts-amazon.com/signin,1
https://www.sbi.co.in/help-center/reset-password-instructions,0
https://apple.com/user/profile,0
http://microsoftdjr.club/secure/secure-wedbc.html,1
https://accounts-icici.net/signin,1
https://www.cricbuzz.com/articles/kjtgq01t/ee13n3bzt9,0
https://instagram-support.com/account/verify,1
https://accounts-whatsapp.co/signin,1
http://sbip2f.cf/verify/verify-mr0tj.html,1
http://secure.update.irctc.com.mih6mv.club/update,1
http://amazon5eg.ml/billing/billing-tbxps.html,1
https://www.amazon.com/articles/9o2m71hs/sbelrqvslw,0
https://apple-support.net/account/verify,1
http://microsoft.ml/account,1
http://goo.gl/tixc7ur,1
https://app.sbi.co.in/login,0
https://www.adobe.com/search?q=example,0
http://instagram.gq/verify,1
http://instagramyg3.ga/suspended/suspended-dxvl5.html,1
http://icici-update-jckt.gq/update,1
https://irctc-support.com/account/verify,1
https://www.github.com/help-center/reset-password-instructions,0
https://www.apple.com/blog/2024/article,0
https://www.hdfcbank.com/help/faq,0
https://www.paypal.com/settings,0
http://tinyurl.com/0pesgbm,1
https://irctc.co.in/dashboard,0
http://secure.login.google.com.4l1vzn.cf/login,1
https://paypal-support.com/account/verify,1
http://bit.ly/g8pjvrn,1
https://www.icicibank.com/articles/z2c9ros7/yt2m6twd1x,0
https://accounts-microsoft.com/signin,1
http://175.247.80.240/instagram/signin.php,1
https://www.linkedin.com/docs/api,0
https://adobe.com/blog/2024/article,0
https://www.adobe.com/products,0
https://www.microsoft.com/search?q=mpkxvh&ref=agkc,0
http://secure.billing.paypal.com.cc1m3o.top/billing,1
https://www.instagrammc.com/secure/update,1
http://microsoftsaf.tk/signin/signin-yh1fk.html,1
https://www.netflix.com/help-center/reset-password-instructions,0
http://sbi.top/confirm,1
http://203.197.98.90/whatsapp/banking.php,1
http://facebook.cf/support,1
http://t.co/2v2tg5p,1
http://bit.ly/37qqyzq,1
https://www.nytimes.com/search?q=av7144&ref=8n7o,0
https://app.wikipedia.org/help/faq,0
https://www.wikipedia.org/login,0
https://www.irctc.co.in/search?q=q3xlrf&ref=cd6m,0
https://amazon-support.co/account/verify,1
https://www.sbi.co.in/login,0
https://www.nic.in/account/settings/security/login-history,0
http://whatsapp.gq/urgent,1
http://netflix-account-015o.ga/account,1
http://sbi18k.cf/billing/billing-gyggs.html,1
https://www.linkedin.com/articles/sic43olf/ark6o0u93m,0
https://www.gov.in/account/settings/security/login-history,0
https://whatsapp.5dtoz.com/login,1
https://www.nic.in/help-center/reset-password-instructions,0
https://sbi.co.in/dashboard,0
https://netflix.com/contact-us,0
http://cutt.ly/ie9ede1,1
https://www.salesforce.com/help-center/reset-password-instructions,0
https://www.irctc.co.in/articles/3493wxa7/3jgzlma5uo,0
https://www.whatsappjh.net/secure/update,1
http://bit.ly/d356waf,1
https://www.google.com/user/profile,0
https://sbi.a3y5t.com/login,1
http://apple.club/account,1
https://www.icicibank.com/settings,0
https://www.salesforce.com/articles/njdu0isb/5iqnf74t60,0
https://netflix.0l3rt.co/login,1
https://www.icicigd.com/secure/update,1
https://adobe.com/settings,0
https://www.paypal.com/,0
https://www.salesforce.com/search?q=example,0
http://50.8.63.205/amazon/secure.php,1
https://www.adobe.com/docs/api,0
http://secure.secure.hdfc.com.utios5.ga/secure,1
https://www.spotify.com/help-center/reset-password-instructions,0
https://app.google.com/settings,0
https://www.nic.in/docs/api,0
https://www.netflix.com/search?q=example,0
http://paypalmsk.ml/billing/billing-yvk7n.html,1
http://paypal-signin-axqo.ml/signin,1
http://gmail-urgent-n1x2.ga/urgent,1
https://www.amazon.com/account/settings/security/login-history,0
https://accounts-hdfc.net/signin,1
https://www.sbi.co.in/articles/lzkj49yd/82795e5iz3,0
https://www.gov.in/blog/2024/article,0
https://paypal-support.com/account/verify,1
https://www.hdfcbank.com/articles/3c1qkbhb/7s9tj1gm25,0
https://www.cricbuzz.com/help-center/reset-password-instructions,0
http://secure.verify.sbi.com.6prr7m.gq/verify,1
http://instagram.tk/urgent,1
http://facebook.club/account,1
https://reddit.com/blog/2024/article,0
http://secure.billing.irctc.com.whwkmy.info/billing,1
https://app.linkedin.com/docs/api,0
https://flipkart.com/blog/2024/article,0
http://hdfc.gq/password-reset,1
https://gov.in/help/faq,0
https://www.github.com/search?q=ozd1at&ref=7o75,0
https://www.sbi.co.in/help/faq,0
http://gmail9or.ml/banking/banking-vscyo.html,1
http://secure.secure.microsoft.com.ugl6tb.gq/secure,1
https://irctc-support.co/account/verify,1
http://cutt.ly/jdcli69,1
https://netflix.6ayn2.net/login,1
https://app.salesforce.com/about,0
https://www.wikipedia.org/,0
https://www.nytimes.com/dashboard,0
https://www.gov.in/help-center/reset-password-instructions,0
http://secure.password-reset.hdfc.com.1gm32w.tk/password-reset,1
https://www.linkedin.com/articles/5brn7zse/dfqs3d6357,0
https://www.wikipedia.org/help/faq,0
https://instagram-support.co/account/verify,1
https://www.amazon.com/help/faq,0
http://secure.support.irctc.com.kg68a1.club/support,1
http://210.98.213.4/outlook/confirm.php,1
http://goo.gl/g85d4f2,1
https://dropbox.com/help/faq,0
http://gmail-support-qtkc.info/support,1
http://tinyurl.com/u9mjyg4,1
https://www.wikipedia.org/settings,0
http://google-suspended-rij2.top/suspended,1
https://paypal.com/contact-us,0
https://icici.3egdd.co/login,1
http://amazonsq7.cf/secure/secure-aitmo.html,1
https://app.flipkart.com/dashboard,0
https://icicibank.com/help/faq,0
https://www.icici8x.co/secure/update,1
http://hdfc.ga/signin,1
http://amazon-confirm-nv07.cf/confirm,1
https://www.nic.in/search?q=zsu9rn&ref=8qtt,0
https://app.apple.com/products,0
https://flipkart.com,0
https://www.paypal.com/help/faq,0
https://app.nic.in/settings,0
http://cutt.ly/m2lhgcs,1
https://www.amazon.com/account/settings/security/login-history,0
http://secure.password-reset.facebook.com.lojsyt.info/password-reset,1
https://www.google.com/articles/78e9rivh/6t1ntmjsrd,0
http://174.177.255.47/sbi/account.php,1
https://adobe.com/,0
http://outlook5dl.cf/billing/billing-xzf0d.html,1
https://www.irctc.co.in/login,0
https://www.salesforce.com/help-center/reset-password-instructions,0
https://app.dropbox.com/help/faq,0
https://www.reddit.com/login,0
http://icici.ga/banking,1
https://irctc.co.in/contact-us,0
https://accounts-whatsapp.co/signin,1
http://214.98.75.142/apple/secure.php,1
https://outlook-support.co/account/verify,1
https://www.spotify.com,0
https://amazon.ecbir.net/login,1
https://outlook.1v4kf.com/login,1
https://www.microsoft.com/articles/0pxrlzu6/wmx3n0kgaz,0
http://cutt.ly/rntjlmz,1
https://accounts-sbi.co/signin,1
http://icici.tk/secure,1
https://accounts-sbi.co/signin,1
https://icicibank.com/blog/2024/article,0
http://bit.ly/6f7qnez,1
https://accounts-gmail.com/signin,1
https://app.netflix.com/dashboard,0
https://www.apple.com/articles/zr7txcb4/8y1o4izasn,0
http://gmail.cf/secure,1
https://www.adobe.com/help/faq,0
http://172.23.233.29/paypal/login.php,1
https://app.cricbuzz.com/docs/api,0
https://www.wikipedia.org/products,0
https://www.dropbox.com/account/settings/security/login-history,0
http://25.214.95.132/google/password-reset.php,1
https://accounts-irctc.net/signin,1
https://facebook.z0ani.co/login,1
http://t.co/dhhlmh1,1
https://www.flipkart.com/account/settings/security/login-history,0
https://www.bbc.com/articles/8v12ii82/6gyup12spf,0
http://facebook-account-wngu.club/account,1
https://www.facebook7l.net/secure/update,1
https://www.adobe.com/,0
https://www.irctc.co.in/docs/api,0
https://app.google.com/settings,0
https://google-support.net/account/verify,1
https://hdfcbank.com/,0
http://secure.billing.irctc.com.6p61xu.info/billing,1
https://www.microsoft.com/articles/3nwxuj3a/c6pe63lbqg,0
https://www.paypal.com/login,0
https://accounts-microsoft.co/signin,1
https://www.google.com/,0
https://whatsapp.hll9r.net/login,1
https://www.spotify.com/search?q=olmlgs&ref=es6m,0
https://www.paypal.com/dashboard,0
https://www.icicibank.com/,0
https://www.nytimes.com/search?q=w2qitn&ref=gvn1,0
http://gmailecw.club/login/login-9yil8.html,1
https://www.reddit.com/about,0
https://www.salesforce.com/about,0
https://www.irctc.co.in/user/profile,0
https://www.microsoft.com/home,0
https://sbi.co.in/products,0
https://www.sbitn.net/secure/update,1
http://secure.secure.outlook.com.8vuazx.info/secure,1
https://www.flipkart.com/home,0
http://whatsappr0f.info/confirm/confirm-zauxb.html,1
http://secure.login.netflix.com.0ucrgb.gq/login,1
https://sbi.co.in/login,0
https://dropbox.com/contact-us,0
https://outlook.rmpn6.net/login,1
https://www.cricbuzz.com/articles/kkzmpjrh/t7zewviytw,0
http://246.24.184.217/hdfc/billing.php,1
https://app.irctc.co.in/products,0
https://www.sbi.co.in/articles/tlcxlvpy/mb5m9j98cw,0
http://184.95.211.79/google/banking.php,1
http://gmail70c.top/support/support-hqi01.html,1
https://dropbox.com/help/faq,0
https://accounts-facebook.com/signin,1
https://www.apple.com/account/settings/security/login-history,0
https://www.nytimes.com/search?q=ufm8zo&ref=v7ln,0
https://www.netflix.com/search?q=example,0
https://app.sbi.co.in/,0
https://amazon.com/settings,0
https://www.gov.in/home,0
http://secure.password-reset.gmail.com.in9dl5.top/password-reset,1
http://93.100.121.235/sbi/support.php,1
https://paypal-support.net/account/verify,1
https://apple.com/,0
http://secure.account.gmail.com.25a5pi.club/account,1
https://www.amazon.com/,0
https://www.icicibank.com/settings,0
https://www.sbi.co.in/account/settings/security/login-history,0
http://google-account-gjj8.gq/account,1
https://hdfcbank.com/search?q=example,0
https://www.amazon.com/account/settings/security/login-history,0
https://icici-support.net/account/verify,1
https://www.nic.in/account/settings/security/login-history,0
http://232.79.211.204/icici/login.php,1
https://microsoft.com/help/faq,0
https://app.gov.in/contact-us,0
http://secure.billing.netflix.com.p97bmz.club/billing,1
http://instagram.info/confirm,1
https://www.apple.com/search?q=7siwjm&ref=2c8q,0
https://www.sbi.co.in/help/faq,0
https://accounts-instagram.net/signin,1
http://outlook02g.ml/update/update-3yu6v.html,1
https://wikipedia.org/about,0
https://sbi.xaw7l.net/login,1
https://www.whatsappnw.co/secure/update,1
https://www.nytimes.com/products,0
https://www.sbi.co.in/contact-us,0
https://www.salesforce.com/articles/e4q6qdy4/lmct64z7w2,0
http://irctc7hr.tk/verify/verify-6c2cu.html,1
https://www.wikipedia.org/settings,0
http://goo.gl/fgea9wv,1
https://netflix-support.net/account/verify,1
https://www.cricbuzz.com/account/settings/security/login-history,0
https://www.irctc.co.in/account/settings/security/login-history,0
http://amazonjut.xyz/urgent/urgent-pmc3s.html,1
http://bit.ly/3jbck88,1
https://www.salesforce.com/docs/api,0
https://www.spotify.com/,0
https://www.amazon.com/articles/rvt997e4/uny181acjb,0
https://app.icicibank.com/settings,0
http://facebookgp5.tk/suspended/suspended-1kfk7.html,1
https://app.apple.com/dashboard,0
https://www.microsoft.com/user/profile,0
http://instagramqer.club/verify/verify-xdoua.html,1
https://www.paypalks.co/secure/update,1
https://www.hdfcu2.com/secure/update,1
https://amazon.com/home,0
https://www.github.com/help-center/reset-password-instructions,0
http://applesyw.xyz/password-reset/password-reset-p0rxx.html,1
https://www.nytimes.com/help-center/reset-password-instructions,0
http://paypal-banking-59oh.ga/banking,1
https://www.yahoo.com/help/faq,0
https://www.microsofthz.net/secure/update,1
https://paypal-support.net/account/verify,1
https://www.icicibank.com/,0
https://www.nytimes.com/articles/dimsyj9b/oq0iq2fa39,0
https://netflix-support.net/account/verify,1
http://whatsappchm.cf/urgent/urgent-40oey.html,1
https://app.reddit.com/dashboard,0
https://www.dropbox.com/dashboard,0
https://apple.dv37i.com/login,1
https://accounts-amazon.co/signin,1
https://www.salesforce.com/help-center/reset-password-instructions,0
http://227.100.122.69/instagram/banking.php,1
https://outlook.xn1yp.co/login,1
https://adobe.com/dashboard,0
https://app.netflix.com/products,0
https://www.microsoft.com/articles/1bcppvoh/smdyvslh9b,0
https://www.paypal.com/articles/ygjjfgjk/2n7zrwqeao,0
https://www.gmail5a.co/secure/update,1
https://amazon-support.net/account/verify,1
http://secure.password-reset.netflix.com.0terkm.tk/password-reset,1
http://tinyurl.com/edqqzrl,1
http://microsoftorf.tk/verify/verify-qla09.html,1
http://bit.ly/db2uuij,1
https://www.apple.com/account/settings/security/login-history,0
http://facebook.gq/login,1
http://netflix.top/banking,1
https://www.google.com/account/settings/security/login-history,0
http://sbi-urgent-3asn.xyz/urgent,1
http://goo.gl/bxvh7ka,1
https://www.googlexh.net/secure/update,1
https://wikipedia.org/user/profile,0
https://app.github.com/home,0
https://app.netflix.com/settings,0
https://www.whatsappda.net/secure/update,1
https://www.spotify.com/account/settings/security/login-history,0
https://www.salesforce.com/search?q=npm6jq&ref=fwwx,0
https://www.adobe.com/user/profile,0
http://tinyurl.com/b1r8vnr,1
http://gmail98v.xyz/login/login-341on.html,1
https://www.salesforce.com/login,0
http://secure.login.instagram.com.354myp.ml/login,1
https://www.gmail2o.co/secure/update,1
http://whatsapp.xyz/update,1
https://app.reddit.com/help/faq,0
http://amazon-support-aexl.tk/support,1
http://netflix.info/urgent,1
https://www.cricbuzz.com/about,0
http://microsoft.xyz/urgent,1
https://www.adobe.com/user/profile,0
https://spotify.com/search?q=example,0
https://gmail.vge0g.com/login,1
https://www.netflix.com/contact-us,0
https://www.linkedin.com/help-center/reset-password-instructions,0
https://www.wikipedia.org/about,0
https://www.yahoo.com/search?q=example,0
https://app.spotify.com/blog/2024/article,0
http://bit.ly/4k0lthy,1
https://www.spotify.com/account/settings/security/login-history,0
http://facebook.ml/secure,1
https://netflix.com/home,0
http://gmail.tk/account,1
https://accounts-facebook.com/signin,1
https://gmail-support.com/account/verify,1
https://www.dropbox.com,0
https://app.icicibank.com/about,0
http://irctcqab.xyz/suspended/suspended-xw2eo.html,1
https://app.flipkart.com/home,0
https://app.netflix.com/home,0
https://www.flipkart.com/account/settings/security/login-history,0
http://sbi.gq/support,1
http://secure.verify.facebook.com.5n3ksg.club/verify,1
http://hdfc-billing-7s38.info/billing,1
https://www.microsoft0n.com/secure/update,1
http://143.137.243.185/google/verify.php,1
https://www.salesforce.com/account/settings/security/login-history,0
http://amazon.xyz/secure,1
https://www.icicibank.com/,0
https://accounts-facebook.net/signin,1
https://www.yahoo.com/search?q=xjn6fo&ref=kzix,0
http://bit.ly/45ed5gg,1
https://sbi-support.com/account/verify,1
https://www.paypal.com/help-center/reset-password-instructions,0
http://microsoft-login-l6d1.ml/login,1
http://bit.ly/7xjz6us,1
https://app.amazon.com/settings,0
https://app.gov.in/login,0
https://netflix.com/docs/api,0
http://facebook.cf/billing,1
https://www.spotify.com/articles/1r4kz36u/8ueihx74d0,0
https://www.apple.com/account/settings/security/login-history,0
https://www.sbi.co.in/dashboard,0
https://www.microsoftis.net/secure/update,1
http://apple.info/confirm,1
http://instagram.ga/billing,1
https://www.reddit.com/account/settings/security/login-history,0
https://www.hdfcr3.net/secure/update,1
https://www.hdfcbank.com/about,0
https://microsoft-support.co/account/verify,1
https://www.gmail8m.net/secure/update,1
http://whatsapp.top/account,1
http://secure.support.google.com.hc9jyp.ga/support,1
https://www.gov.in/help-center/reset-password-instructions,0
https://netflix.pz614.com/login,1
https://yahoo.com,0
https://www.spotify.com/account/settings/security/login-history,0
https://www.sbi.co.in/search?q=sg7fxz&ref=v4u3,0
https://wikipedia.org/blog/2024/article,0
http://225.178.35.92/google/banking.php,1
https://instagram-support.co/account/verify,1
https://www.yahoo.com,0
https://accounts-gmail.co/signin,1
https://www.nytimes.com/search?q=2xcdyk&ref=0x65,0
https://www.microsoft.com/about,0
https://dropbox.com/search?q=example,0
https://hdfc.8y5si.net/login,1
http://215.119.72.4/hdfc/banking.php,1
https://whatsapp-support.net/account/verify,1
http://secure.banking.facebook.com.kc5i8x.tk/banking,1
https://www.salesforce.com/search?q=ny9v20&ref=yar8,0
https://app.dropbox.com/settings,0
https://www.sbiod.co/secure/update,1
https://app.nytimes.com/help/faq,0
https://www.icici77.net/secure/update,1
https://www.irctc.co.in/help/faq,0
http://irctc.ml/billing,1
https://netflix-support.co/account/verify,1
https://app.adobe.com/products,0
https://www.amazon.com/search?q=example,0
http://t.co/bjlzy1u,1
https://www.bbc.com/search?q=ouhtcs&ref=1k9y,0
http://secure.support.facebook.com.3litnt.top/support,1
https://apple.com/,0
https://www.bbc.com/account/settings/security/login-history,0
http://irctc-secure-xq7b.club/secure,1
http://whatsapp-billing-n9i9.cf/billing,1
http://secure.banking.netflix.com.r7vgrf.ml/banking,1
http://bit.ly/9lzs34j,1
https://www.irctc.co.in/user/profile,0
https://instagram.qpwdx.net/login,1
http://198.25.134.171/instagram/billing.php,1
https://www.icicibank.com/search?q=irq8rt&ref=m4j3,0
https://icicibank.com/settings,0
https://www.googlex3.com/secure/update,1
https://www.flipkart.com/help-center/reset-password-instructions,0
https://www.spotify.com/search?q=o5ybrj&ref=nm2l,0
https://amazon.cqoro.net/login,1
http://183.138.74.47/hdfc/secure.php,1
http://gmail.ml/suspended,1
https://flipkart.com/dashboard,0
https://www.google.com/search?q=bxux1o&ref=xrwk,0
https://www.wikipedia.org/search?q=example,0
https://microsoft-support.co/account/verify,1
https://www.irctcz5.net/secure/update,1
http://apple.gq/update,1
https://app.nic.in/home,0
https://amazon-support.net/account/verify,1
http://instagram.info/verify,1
https://irctc.co.in/help/faq,0
https://www.netflix.com/products,0
https://www.reddit.com/search?q=gyspen&ref=gwyx,0
https://app.salesforce.com/docs/api,0
http://27.25.17.240/netflix/signin.php,1
https://apple.lcwbp.com/login,1
https://www.flipkart.com,0
http://secure.banking.instagram.com.9p6hjb.info/banking,1
http://microsoftvdb.info/secure/secure-82819.html,1
https://www.reddit.com/dashboard,0
http://gmail.gq/support,1
http://176.91.91.161/paypal/account.php,1
https://accounts-microsoft.co/signin,1
https://www.cricbuzz.com/articles/aa0i5lds/lcb8qsspye,0
https://app.salesforce.com/contact-us,0
https://app.netflix.com/dashboard,0
https://app.github.com/about,0
http://gmail41k.ml/account/account-ht8xk.html,1
https://app.google.com/user/profile,0
https://accounts-microsoft.com/signin,1
https://whatsapp-support.net/account/verify,1
http://126.26.204.107/netflix/urgent.php,1
http://secure.login.facebook.com.ietdn1.info/login,1
https://accounts-amazon.co/signin,1
https://www.reddit.com/login,0
https://www.nytimes.com/articles/w83y0mah/ym2zbppfo5,0
https://www.dropbox.com/user/profile,0
http://33.35.3.19/microsoft/password-reset.php,1
https://app.nytimes.com/contact-us,0
http://instagramemi.tk/suspended/suspended-x7ib5.html,1
http://icici.ml/suspended,1
https://accounts-outlook.com/signin,1
https://www.linkedin.com/help/faq,0
https://www.irctc.co.in/user/profile,0
https://www.adobe.com/settings,0
https://hdfc.a7ssz.co/login,1
https://accounts-icici.net/signin,1
https://www.cricbuzz.com/products,0
https://www.paypalo0.com/secure/update,1
https://www.linkedin.com/help-center/reset-password-instructions,0
http://100.125.196.29/microsoft/billing.php,1
https://outlook-support.co/account/verify,1
https://www.irctcle.net/secure/update,1
https://www.apple.com/articles/u4ytn02y/c0mdicvwv8,0
http://microsoft.tk/urgent,1
https://accounts-netflix.net/signin,1
https://www.nytimes.com/dashboard,0
http://amazon.gq/support,1
https://www.wikipedia.org/articles/jlsh3tow/4ycz04cdpq,0
https://www.nic.in/help-center/reset-password-instructions,0
http://cutt.ly/3nipar0,1
http://outlook.xyz/update,1
http://facebookf8g.gq/urgent/urgent-uas17.html,1
https://www.amazon.com/help-center/reset-password-instructions,0
https://apple-support.net/account/verify,1
https://accounts-netflix.co/signin,1
https://www.netflixgz.co/secure/update,1
http://tinyurl.com/1rhouu9,1
http://sbiidy.gq/login/login-3c7rm.html,1
https://wikipedia.org/about,0
https://www.salesforce.com/account/settings/security/login-history,0
https://app.salesforce.com/,0
https://apple.com/contact-us,0
http://sbi.club/secure,1
http://cutt.ly/37spf0r,1
https://app.bbc.com/login,0
https://instagram-support.com/account/verify,1
https://www.paypal.com/search?q=lqjidk&ref=nwi5,0
http://secure.login.netflix.com.htmqwy.gq/login,1
https://www.wikipedia.org/articles/e1ddqlem/1qq4d3kzvh,0
https://www.paypal.com/articles/ehe2atn2/twdl9zs13c,0
https://netflix.ywk5j.co/login,1
https://www.hdfcbank.com/articles/gxo05qpa/hkz2u2tnhe,0
https://app.github.com/home,0
https://microsoft.com/contact-us,0
https://www.github.com/user/profile,0
https://www.gov.in/account/settings/security/login-history,0
https://github.com/docs/api,0
https://www.irctcl2.net/secure/update,1
http://secure.urgent.amazon.com.do6ouz.top/urgent,1
http://tinyurl.com/ezc7fov,1
https://dropbox.com/,0
https://spotify.com/docs/api,0
https://app.icicibank.com/settings,0
https://www.sbi.co.in,0
http://netflixfkj.info/verify/verify-nawng.html,1
https://www.nic.in/help-center/reset-password-instructions,0
https://app.flipkart.com/search?q=example,0
https://www.netflix.com/,0
https://cricbuzz.com/products,0
https://app.salesforce.com/about,0
https://www.github.com/dashboard,0
https://app.sbi.co.in/blog/2024/article,0
https://whatsapp.w1wud.co/login,1
https://www.appleql.net/secure/update,1
https://app.reddit.com/contact-us,0
http://secure.billing.whatsapp.com.kcs4ke.tk/billing,1
http://whatsapp.ga/update,1
https://outlook.64caq.net/login,1
http://secure.password-reset.netflix.com.5qmktg.xyz/password-reset,1
https://app.apple.com/user/profile,0
https://accounts-netflix.net/signin,1
https://www.linkedin.com/account/settings/security/login-history,0
http://goo.gl/t3ta195,1
https://www.apple.com/contact-us,0
https://whatsapp.x2bh2.com/login,1
https://www.wikipedia.org/account/settings/security/login-history,0
https://www.dropbox.com/account/settings/security/login-history,0
https://gmail-support.co/account/verify,1
https://www.hdfcbank.com/help-center/reset-password-instructions,0
http://paypalwr9.xyz/banking/banking-65r96.html,1
https://www.salesforce.com/user/profile,0
http://irctc-update-omuw.top/update,1
https://dropbox.com/home,0
https://netflix.com/settings,0
https://www.irctc.co.in/articles/ug95rlrd/ihsa7hez74,0
https://www.linkedin.com/docs/api,0
http://28.43.71.29/microsoft/verify.php,1
http://secure.billing.icici.com.rk79uf.gq/billing,1
https://irctc.co.in/about,0
http://outlook-support-snbt.top/support,1
https://app.nytimes.com,0
https://www.salesforce.com/search?q=6qceou&ref=uyla,0
http://netflix-support-eoqg.info/support,1
https://www.google.com/dashboard,0
http://iciciq5e.xyz/signin/signin-gvlkd.html,1
https://app.linkedin.com/help/faq,0
https://www.yahoo.com/search?q=0ubmc9&ref=7c7b,0
https://wikipedia.org/dashboard,0
http://secure.signin.netflix.com.85i87x.top/signin,1
https://amazon.com/dashboard,0
https://gmail-support.co/account/verify,1
http://183.40.239.127/icici/password-reset.php,1
https://www.irctc.co.in/help-center/reset-password-instructions,0
http://secure.billing.irctc.com.83y022.top/billing,1
https://app.paypal.com/blog/2024/article,0
http://secure.suspended.apple.com.3w563b.gq/suspended,1
https://app.bbc.com/docs/api,0
https://www.gov.in/products,0
http://amazon-secure-ilkj.xyz/secure,1
https://www.irctc.co.in/help-center/reset-password-instructions,0
https://www.wikipedia.org/dashboard,0
http://secure.login.sbi.com.3addqh.tk/login,1
http://secure.confirm.microsoft.com.0v60xn.tk/confirm,1
https://app.gov.in/login,0
https://adobe.com/products,0
https://netflix.aczsx.net/login,1
https://www.github.com/account/settings/security/login-history,0
https://www.linkedin.com/search?q=6fe0mp&ref=2ixi,0
http://cutt.ly/zggm0j3,1
http://facebook.club/confirm,1
http://130.17.91.108/irctc/confirm.php,1
https://spotify.com/settings,0
https://paypal.1xx6c.net/login,1
https://www.sbi.co.in/account/settings/security/login-history,0
http://t.co/v9nou3d,1
https://www.icicigp.co/secure/update,1
https://app.adobe.com/blog/2024/article,0
http://23.21.101.230/outlook/banking.php,1
https://www.bbc.com/help/faq,0
http://73.177.192.23/hdfc/update.php,1
https://www.reddit.com/articles/os6zle6k/whef0votqt,0
http://bit.ly/ntk63n2,1
https://www.nytimes.com/dashboard,0
http://whatsappfk8.xyz/support/support-hw9c4.html,1
https://app.github.com/search?q=example,0
https://www.dropbox.com/account/settings/security/login-history,0
http://secure.confirm.hdfc.com.6onxd7.ml/confirm,1
http://netflix-secure-xb4y.tk/secure,1
https://www.salesforce.com,0
https://www.irctc.co.in/search?q=p8ijl2&ref=z0lj,0
https://netflix.com/settings,0
https://accounts-gmail.co/signin,1
https://irctc.co.in/about,0
https://www.wikipedia.org/contact-us,0
https://www.reddit.com/help-center/reset-password-instructions,0
https://www.salesforce.com/search?q=example,0
https://facebook-support.net/account/verify,1
http://goo.gl/8bixoiq,1
https://app.gov.in/products,0
https://www.netflix.com/settings,0
https://google-support.com/account/verify,1
https://www.yahoo.com/articles/qy3odsx4/nxvkdc9x5j,0
https://app.amazon.com/docs/api,0
https://hdfc.9zy9y.net/login,1
https://hdfc.hhgy8.net/login,1
https://outlook-support.co/account/verify,1
https://app.cricbuzz.com/settings,0
https://reddit.com/about,0
http://iciciffv.cf/confirm/confirm-3xole.html,1
https://www.salesforce.com/search?q=9ik01l&ref=0vdp,0
http://secure.support.netflix.com.ink4fk.gq/support,1
https://www.microsoftg4.com/secure/update,1
http://paypalmei.ml/support/support-ur921.html,1
https://www.icicibank.com/account/settings/security/login-history,0
http://secure.login.apple.com.sigbia.info/login,1
http://icici.club/banking,1
https://www.salesforce.com/articles/1qw6ahf7/vp1ieixwc4,0
http://netflix-verify-o31y.gq/verify,1
https://app.gov.in/products,0
https://app.nytimes.com/user/profile,0
http://microsoft-banking-ahth.club/banking,1
https://www.icicibank.com/help/faq,0
https://paypal-support.com/account/verify,1
http://tinyurl.com/amw2tnd,1
https://www.dropbox.com/account/settings/security/login-history,0
https://irctc-support.net/account/verify,1
https://www.salesforce.com/,0
http://secure.secure.microsoft.com.0ifrml.club/secure,1
http://153.14.199.239/outlook/account.php,1
https://www.instagramo1.com/secure/update,1
https://app.reddit.com/dashboard,0
https://accounts-instagram.co/signin,1
https://www.cricbuzz.com/search?q=4xkss0&ref=kb68,0
https://www.yahoo.com/help-center/reset-password-instructions,0
http://apple-banking-xpw2.ga/banking,1
http://bit.ly/1s9dwd7,1
http://paypalulz.info/account/account-fy981.html,1
http://secure.verify.hdfc.com.2ab2rv.top/verify,1
http://paypal.club/secure,1
https://www.github.com/contact-us,0
https://www.wikipedia.org/search?q=example,0
https://www.icicibank.com/help-center/reset-password-instructions,0
http://secure.password-reset.paypal.com.l008uh.club/password-reset,1
http://163.205.113.14/sbi/password-reset.php,1
https://nytimes.com/docs/api,0
http://secure.account.whatsapp.com.gl2zxj.top/account,1
https://www.github.com/search?q=kv7mqx&ref=s6es,0
https://www.wikipedia.org/search?q=example,0
https://www.amazon.com,0
https://www.cricbuzz.com/search?q=x5wvfg&ref=yw6z,0
https://www.bbc.com/user/profile,0
http://secure.update.amazon.com.vqrhof.club/update,1
http://178.10.153.47/netflix/urgent.php,1
http://hdfc-account-lc83.cf/account,1
http://216.89.14.165/hdfc/billing.php,1
http://whatsapp-confirm-nncp.xyz/confirm,1
https://www.google.com/search?q=toaztk&ref=szp7,0
https://apple-support.com/account/verify,1
http://t.co/k4gc4ry,1
https://www.adobe.com/account/settings/security/login-history,0
https://www.icicibank.com/products,0
https://app.reddit.com/about,0
http://secure.secure.facebook.com.25qbrm.xyz/secure,1
https://www.apple.com/account/settings/security/login-history,0
https://www.netflix.com/account/settings/security/login-history,0
https://app.bbc.com/help/faq,0
https://bbc.com/user/profile,0
https://app.linkedin.com/search?q=example,0
https://www.yahoo.com/products,0
https://www.nic.in/articles/qvr1h61i/aoim458ax4,0
https://amazon-support.co/account/verify,1
https://app.flipkart.com/home,0
https://yahoo.com/settings,0
https://www.amazon.com/search?q=bepejz&ref=hyap,0
https://app.github.com/products,0
https://yahoo.com/help/faq,0
http://70.134.116.106/netflix/password-reset.php,1
http://secure.login.netflix.com.kdqp1h.tk/login,1
https://www.amazontv.net/secure/update,1
http://goo.gl/mlquh50,1
https://www.google.com/,0
https://www.sbif1.com/secure/update,1
https://www.github.com/products,0
https://www.spotify.com/login,0
https://www.bbc.com/search?q=m0w10l&ref=bt3g,0
http://instagram-password-reset-fquv.gq/password-reset,1
https://microsoft.com/,0
https://www.gov.in/user/profile,0
http://hdfcejc.club/login/login-y127h.html,1
http://facebook.ga/login,1
https://google.9kr2f.net/login,1
http://hdfct3g.xyz/banking/banking-8cd31.html,1
https://www.spotify.com/help-center/reset-password-instructions,0
https://www.apple.com/search?q=dhgzz0&ref=jkib,0
https://linkedin.com/settings,0
https://www.wikipedia.org/dashboard,0
https://whatsapp-support.com/account/verify,1
https://hdfc.dazv4.com/login,1
http://secure.suspended.icici.com.xb02b6.ga/suspended,1
https://irctc-support.com/account/verify,1
https://app.wikipedia.org/products,0
https://www.github.com/help/faq,0
https://www.sbi.co.in/account/settings/security/login-history,0
https://app.irctc.co.in/contact-us,0
https://app.yahoo.com/docs/api,0
http://secure.banking.paypal.com.cxx6md.tk/banking,1
https://accounts-facebook.net/signin,1
https://www.yahoo.com/help-center/reset-password-instructions,0
http://cutt.ly/e6qvs8a,1
http://goo.gl/mu7jae5,1
https://whatsapp-support.net/account/verify,1
https://app.icicibank.com/login,0
https://netflix.com/about,0
https://accounts-amazon.co/signin,1
http://paypal3m5.info/login/login-5izol.html,1
https://www.apple.com/login,0
http://microsoftrh0.cf/secure/secure-5hhiw.html,1
https://www.amazon.com/home,0
http://hdfc9uz.tk/account/account-eryf0.html,1
https://app.hdfcbank.com/products,0
http://cutt.ly/fgwjeyu,1
https://www.flipkart.com/blog/2024/article,0
https://www.irctc.co.in/help-center/reset-password-instructions,0
http://180.61.125.47/microsoft/support.php,1
https://nytimes.com/products,0
https://paypal-support.com/account/verify,1
https://app.microsoft.com/search?q=example,0
https://www.bbc.com/articles/8fv2bc2n/nuvy8n1uto,0
https://www.netflix.com/search?q=ji18k0&ref=axyc,0
https://apple.com/products,0
https://www.salesforce.com,0
https://www.amazon.com/login,0
http://179.249.49.220/amazon/login.php,1
http://hdfc.info/urgent,1
https://spotify.com/contact-us,0
https://www.microsoft.com/home,0
http://secure.banking.irctc.com.e4v9ky.top/banking,1
https://www.irctch6.net/secure/update,1
https://paypal.com/products,0
https://hdfc.d0wtw.net/login,1
https://app.hdfcbank.com/settings,0
https://www.google.com/docs/api,0
https://www.paypal.com/account/settings/security/login-history,0
https://app.github.com/contact-us,0
https://www.paypaltg.net/secure/update,1
https://www.wikipedia.org/account/settings/security/login-history,0
http://icici.info/secure,1
https://www.microsoft.com/account/settings/security/login-history,0
http://gmail.xyz/signin,1
https://app.netflix.com/docs/api,0
https://www.reddit.com/articles/zcfzw0ld/almjegqtoa,0
https://www.github.com/user/profile,0
https://accounts-whatsapp.co/signin,1
https://www.bbc.com/articles/uvulemx1/5z8vmuhxid,0
https://www.dropbox.com/settings,0
https://www.gov.in/help-center/reset-password-instructions,0
https://microsoft.ya6ba.net/login,1
https://google-support.com/account/verify,1
http://tinyurl.com/plvqexu,1
https://app.irctc.co.in/contact-us,0
https://app.amazon.com/products,0
http://goo.gl/uevjlzf,1
http://goo.gl/6ytipa8,1
https://www.icicibank.com/settings,0
http://tinyurl.com/dfhg6w3,1
https://www.netflixi5.com/secure/update,1
https://www.facebook1f.net/secure/update,1
https://www.hdfcbank.com/docs/api,0
https://www.apple.com/about,0
http://facebook-billing-l01q.gq/billing,1
https://gmail-support.net/account/verify,1
https://app.spotify.com/products,0
http://microsoftxds.top/account/account-c4e5h.html,1
https://apple.com/search?q=example,0
https://sbi.co.in/settings,0
https://app.github.com/about,0
https://www.netflix.com/help/faq,0
https://www.sbi.co.in/search?q=l00ezz&ref=f8s2,0
https://www.apple.com/dashboard,0
http://secure.account.apple.com.v9e40k.cf/account,1
https://www.bbc.com/help-center/reset-password-instructions,0
https://www.instagramtl.net/secure/update,1
http://apple-billing-8myi.club/billing,1
http://apple.club/verify,1
https://google.rwgeb.net/login,1
https://microsoft.com/search?q=example,0
http://cutt.ly/7myow8d,1
